Workbook

Sheet peticiones
A1: LÍNEA | B1: CANAL | C1: ID PETICIÓN | D1: TÍTULO PETICIÓN | E1: TIPO PETICIÓN | F1: HORAS JP | G1: HORAS CO | H1: HORAS AN | I1: HORAS PR | J1: TOTAL HORAS | K1: ESTIMADAS JP | L1: ESTIMADAS CO | M1: ESTIMADAS AN | N1: ESTIMADAS PR | O1: TOTAL | P1: MES | Q1: FECHA INICIO | R1: FECHA CIERRE | S1: ID GESTIC | T1: DIRECCIÓN DE PROYECTO | U1: OBSERVACIONES
A2: OPERACION | B2: HORIZONTAL | C2: 121039 | D2: Coordinación general de JAVA | E2: Otras Peticiones ANS | F2: 0 | G2: 0 | H2: 0 | I2: 0 | J2: 0 | K2: 0 | L2: 0 | M2: 0 | N2: 0 | O2: 0 | P2: 202508 | Q2: 03/01/2023 | T2: María Teresa Caña Pérez | U2: Análisis de los datos, estudio de la solución. Scripts para correcciones y comprobaciones. Pruebas. Envío de la solución al traspaso unificado. Resolución de la petición

Sheet resumen perfil
B1: HORAS | C1: TARIFA | D1: TOTAL | E1: _
A2: JP | B2: =SUM('resumen tipo petición'!B2:B17) -> 0 | C2: 38 | D2: =C2*B2 -> 0 | I2: Total por petición | J2: =SUM('resumen peticiones'!P2:P988) -> 0
A3: CO | B3: =SUM('resumen tipo petición'!C2:C17) -> 0 | C3: 38 | D3: =C3*B3 -> 0
A4: AN | B4: =SUM('resumen tipo petición'!D2:D17) -> 0 | C4: 31.5 | D4: =C4*B4 -> 0 | I4: Horas perfil | J4: =B9 -> 0
A5: PR | B5: =SUM('resumen tipo petición'!E2:E17) -> 0 | C5: 20 | D5: =C5*B5 -> 0 | I5: Horas tipo petición | J5: =SUM('resumen tipo petición'!F2:F100) -> 0
I6: Horas resumen | J6: =SUM('resumen proyecto'!F2:F100) -> 0
A7: * | B7: =SUM(B2:B5) -> 0 | D7: =SUM(D2:D5) -> 0 | F7: (*) | G7: Horas sin defectos | I7: Horas petición | J7: =SUM('resumen peticiones'!G2:G988) -> 0
I8: Horas peticiones | J8: =SUM(peticiones!J2:J992) -> 0
A9: ** | B9: =B7+'resumen tipo petición'!F19 -> 0 | F9: (**) | G9: Horas con defectos

Sheet resumen tipo petición
A1: TIPO PETICIÓN | B1: HORAS JP | C1: HORAS CO | D1: HORAS AN | E1: HORAS PR | F1: TOTAL
A2: Tarea de Gestión | B2: =SUMIF(peticiones!$E$2:$E$2992, $A2, peticiones!$F$2:$F$2992) -> 0 | C2: =SUMIF(peticiones!$E$2:$E$2992, $A2, peticiones!$G$2:$G$2992) -> 0 | D2: =SUMIF(peticiones!$E$2:$E$2992, $A2, peticiones!$H$2:$H$2992) -> 0 | E2: =SUMIF(peticiones!$E$2:$E$2992, $A2, peticiones!$I$2:$I$2992) -> 0 | F2: =SUM(B2:E2) -> 0
A3: Traspaso EO | B3: =SUMIF(peticiones!$E$2:$E$2992, $A3, peticiones!$F$2:$F$2992) -> 0 | C3: =SUMIF(peticiones!$E$2:$E$2992, $A3, peticiones!$G$2:$G$2992) -> 0 | D3: =SUMIF(peticiones!$E$2:$E$2992, $A3, peticiones!$H$2:$H$2992) -> 0 | E3: =SUMIF(peticiones!$E$2:$E$2992, $A3, peticiones!$I$2:$I$2992) -> 0 | F3: =SUM(B3:E3) -> 0
A4: Consulta 2N ANS | B4: =SUMIF(peticiones!$E$2:$E$2992, $A4, peticiones!$F$2:$F$2992) -> 0 | C4: =SUMIF(peticiones!$E$2:$E$2992, $A4, peticiones!$G$2:$G$2992) -> 0 | D4: =SUMIF(peticiones!$E$2:$E$2992, $A4, peticiones!$H$2:$H$2992) -> 0 | E4: =SUMIF(peticiones!$E$2:$E$2992, $A4, peticiones!$I$2:$I$2992) -> 0 | F4: =SUM(B4:E4) -> 0
A5: Consultoría ANS | B5: =SUMIF(peticiones!$E$2:$E$2992, $A5, peticiones!$F$2:$F$2992) -> 0 | C5: =SUMIF(peticiones!$E$2:$E$2992, $A5, peticiones!$G$2:$G$2992) -> 0 | D5: =SUMIF(peticiones!$E$2:$E$2992, $A5, peticiones!$H$2:$H$2992) -> 0 | E5: =SUMIF(peticiones!$E$2:$E$2992, $A5, peticiones!$I$2:$I$2992) -> 0 | F5: =SUM(B5:E5) -> 0
A6: Corrección de Datos ANS | B6: =SUMIF(peticiones!$E$2:$E$2992, $A6, peticiones!$F$2:$F$2992) -> 0 | C6: =SUMIF(peticiones!$E$2:$E$2992, $A6, peticiones!$G$2:$G$2992) -> 0 | D6: =SUMIF(peticiones!$E$2:$E$2992, $A6, peticiones!$H$2:$H$2992) -> 0 | E6: =SUMIF(peticiones!$E$2:$E$2992, $A6, peticiones!$I$2:$I$2992) -> 0 | F6: =SUM(B6:E6) -> 0
A7: Entregas | B7: =SUMIF(peticiones!$E$2:$E$2992, $A7, peticiones!$F$2:$F$2992) -> 0 | C7: =SUMIF(peticiones!$E$2:$E$2992, $A7, peticiones!$G$2:$G$2992) -> 0 | D7: =SUMIF(peticiones!$E$2:$E$2992, $A7, peticiones!$H$2:$H$2992) -> 0 | E7: =SUMIF(peticiones!$E$2:$E$2992, $A7, peticiones!$I$2:$I$2992) -> 0 | F7: =SUM(B7:E7) -> 0
A8: Error Conocido ANS | B8: =SUMIF(peticiones!$E$2:$E$2992, $A8, peticiones!$F$2:$F$2992) -> 0 | C8: =SUMIF(peticiones!$E$2:$E$2992, $A8, peticiones!$G$2:$G$2992) -> 0 | D8: =SUMIF(peticiones!$E$2:$E$2992, $A8, peticiones!$H$2:$H$2992) -> 0 | E8: =SUMIF(peticiones!$E$2:$E$2992, $A8, peticiones!$I$2:$I$2992) -> 0 | F8: =SUM(B8:E8) -> 0
A9: Evolutivo ANS | B9: =SUMIF(peticiones!$E$2:$E$2992, $A9, peticiones!$F$2:$F$2992) -> 0 | C9: =SUMIF(peticiones!$E$2:$E$2992, $A9, peticiones!$G$2:$G$2992) -> 0 | D9: =SUMIF(peticiones!$E$2:$E$2992, $A9, peticiones!$H$2:$H$2992) -> 0 | E9: =SUMIF(peticiones!$E$2:$E$2992, $A9, peticiones!$I$2:$I$2992) -> 0 | F9: =SUM(B9:E9) -> 0
A10: Hito | B10: =SUMIF(peticiones!$E$2:$E$2992, $A10, peticiones!$F$2:$F$2992) -> 0 | C10: =SUMIF(peticiones!$E$2:$E$2992, $A10, peticiones!$G$2:$G$2992) -> 0 | D10: =SUMIF(peticiones!$E$2:$E$2992, $A10, peticiones!$H$2:$H$2992) -> 0 | E10: =SUMIF(peticiones!$E$2:$E$2992, $A10, peticiones!$I$2:$I$2992) -> 0 | F10: =SUM(B10:E10) -> 0
A11: Incidencia Bloqueante ANS | B11: =SUMIF(peticiones!$E$2:$E$2992, $A11, peticiones!$F$2:$F$2992) -> 0 | C11: =SUMIF(peticiones!$E$2:$E$2992, $A11, peticiones!$G$2:$G$2992) -> 0 | D11: =SUMIF(peticiones!$E$2:$E$2992, $A11, peticiones!$H$2:$H$2992) -> 0 | E11: =SUMIF(peticiones!$E$2:$E$2992, $A11, peticiones!$I$2:$I$2992) -> 0 | F11: =SUM(B11:E11) -> 0
A12: Incidencia Inmediata ANS | B12: =SUMIF(peticiones!$E$2:$E$2992, $A12, peticiones!$F$2:$F$2992) -> 0 | C12: =SUMIF(peticiones!$E$2:$E$2992, $A12, peticiones!$G$2:$G$2992) -> 0 | D12: =SUMIF(peticiones!$E$2:$E$2992, $A12, peticiones!$H$2:$H$2992) -> 0 | E12: =SUMIF(peticiones!$E$2:$E$2992, $A12, peticiones!$I$2:$I$2992) -> 0 | F12: =SUM(B12:E12) -> 0
A13: Incidencia No Bloqueante ANS | B13: =SUMIF(peticiones!$E$2:$E$2992, $A13, peticiones!$F$2:$F$2992) -> 0 | C13: =SUMIF(peticiones!$E$2:$E$2992, $A13, peticiones!$G$2:$G$2992) -> 0 | D13: =SUMIF(peticiones!$E$2:$E$2992, $A13, peticiones!$H$2:$H$2992) -> 0 | E13: =SUMIF(peticiones!$E$2:$E$2992, $A13, peticiones!$I$2:$I$2992) -> 0 | F13: =SUM(B13:E13) -> 0
... A17: Tareas | B17: =SUMIF(peticiones!$E$2:$E$2992, $A17, peticiones!$F$2:$F$2992) -> 0 | C17: =SUMIF(peticiones!$E$2:$E$2992, $A17, peticiones!$G$2:$G$2992) -> 0 | D17: =SUMIF(peticiones!$E$2:$E$2992, $A17, peticiones!$H$2:$H$2992) -> 0 | E17: =SUMIF(peticiones!$E$2:$E$2992, $A17, peticiones!$I$2:$I$2992) -> 0 | F17: =SUM(B17:E17) -> 0
A19: Defecto | B19: =SUMIF(peticiones!$E$2:$E$2992, $A19, peticiones!$F$2:$F$2992) -> 0 | C19: =SUMIF(peticiones!$E$2:$E$2992, $A19, peticiones!$G$2:$G$2992) -> 0 | D19: =SUMIF(peticiones!$E$2:$E$2992, $A19, peticiones!$H$2:$H$2992) -> 0 | E19: =SUMIF(peticiones!$E$2:$E$2992, $A19, peticiones!$I$2:$I$2992) -> 0 | F19: =SUM(B19:E19) -> 0 | G19: * | H19: (*) Está separada adrede

Sheet resumen proyecto
A1: PROYECTO | B1: HORAS JP | C1: HORAS CO | D1: HORAS AN | E1: HORAS PR | F1: TOTAL
A2: ACREDITACIONES DE CENTROS | B2: =SUMIF(peticiones!$B$2:$B$2992,$A2, peticiones!$F$2:$F$2992) -> 0 | C2: =SUMIF(peticiones!$B$2:$B$2992,$A2, peticiones!$G$2:$G$2992) -> 0 | D2: =SUMIF(peticiones!$B$2:$B$2992,$A2, peticiones!$H$2:$H$2992) -> 0 | E2: =SUMIF(peticiones!$B$2:$B$2992,$A2, peticiones!$I$2:$I$2992) -> 0 | F2: =E2+D2+C2+B2 -> 0
A3: ACREDITACIONES DE ENTIDADES Y AYUDAS A DOMICILIO | B3: =SUMIF(peticiones!$B$2:$B$2992,$A3, peticiones!$F$2:$F$2992) -> 0 | C3: =SUMIF(peticiones!$B$2:$B$2992,$A3, peticiones!$G$2:$G$2992) -> 0 | D3: =SUMIF(peticiones!$B$2:$B$2992,$A3, peticiones!$H$2:$H$2992) -> 0 | E3: =SUMIF(peticiones!$B$2:$B$2992,$A3, peticiones!$I$2:$I$2992) -> 0 | F3: =E3+D3+C3+B3 -> 0
A4: ACTUACIÓN INSPECTORA | B4: =SUMIF(peticiones!$B$2:$B$2992,$A4, peticiones!$F$2:$F$2992) -> 0 | C4: =SUMIF(peticiones!$B$2:$B$2992,$A4, peticiones!$G$2:$G$2992) -> 0 | D4: =SUMIF(peticiones!$B$2:$B$2992,$A4, peticiones!$H$2:$H$2992) -> 0 | E4: =SUMIF(peticiones!$B$2:$B$2992,$A4, peticiones!$I$2:$I$2992) -> 0 | F4: =E4+D4+C4+B4 -> 0
A5: ADOPCIÓN INTERNACIONAL | B5: =SUMIF(peticiones!$B$2:$B$2992,$A5, peticiones!$F$2:$F$2992) -> 0 | C5: =SUMIF(peticiones!$B$2:$B$2992,$A5, peticiones!$G$2:$G$2992) -> 0 | D5: =SUMIF(peticiones!$B$2:$B$2992,$A5, peticiones!$H$2:$H$2992) -> 0 | E5: =SUMIF(peticiones!$B$2:$B$2992,$A5, peticiones!$I$2:$I$2992) -> 0 | F5: =E5+D5+C5+B5 -> 0
A6: ALQUILERES | B6: =SUMIF(peticiones!$B$2:$B$2992,$A6, peticiones!$F$2:$F$2992) -> 0 | C6: =SUMIF(peticiones!$B$2:$B$2992,$A6, peticiones!$G$2:$G$2992) -> 0 | D6: =SUMIF(peticiones!$B$2:$B$2992,$A6, peticiones!$H$2:$H$2992) -> 0 | E6: =SUMIF(peticiones!$B$2:$B$2992,$A6, peticiones!$I$2:$I$2992) -> 0 | F6: =E6+D6+C6+B6 -> 0
A7: AUTORIZACIONES DE CENTROS | B7: =SUMIF(peticiones!$B$2:$B$2992,$A7, peticiones!$F$2:$F$2992) -> 0 | C7: =SUMIF(peticiones!$B$2:$B$2992,$A7, peticiones!$G$2:$G$2992) -> 0 | D7: =SUMIF(peticiones!$B$2:$B$2992,$A7, peticiones!$H$2:$H$2992) -> 0 | E7: =SUMIF(peticiones!$B$2:$B$2992,$A7, peticiones!$I$2:$I$2992) -> 0 | F7: =E7+D7+C7+B7 -> 0
A8: Ayuda complementaria IMV | B8: =SUMIF(peticiones!$B$2:$B$2992,$A8, peticiones!$F$2:$F$2992) -> 0 | C8: =SUMIF(peticiones!$B$2:$B$2992,$A8, peticiones!$G$2:$G$2992) -> 0 | D8: =SUMIF(peticiones!$B$2:$B$2992,$A8, peticiones!$H$2:$H$2992) -> 0 | E8: =SUMIF(peticiones!$B$2:$B$2992,$A8, peticiones!$I$2:$I$2992) -> 0 | F8: =E8+D8+C8+B8 -> 0
A9: CARPETA CIUDADANA | B9: =SUMIF(peticiones!$B$2:$B$2992,$A9, peticiones!$F$2:$F$2992) -> 0 | C9: =SUMIF(peticiones!$B$2:$B$2992,$A9, peticiones!$G$2:$G$2992) -> 0 | D9: =SUMIF(peticiones!$B$2:$B$2992,$A9, peticiones!$H$2:$H$2992) -> 0 | E9: =SUMIF(peticiones!$B$2:$B$2992,$A9, peticiones!$I$2:$I$2992) -> 0 | F9: =E9+D9+C9+B9 -> 0
A10: CCVV | B10: =SUMIF(peticiones!$B$2:$B$2992,$A10, peticiones!$F$2:$F$2992) -> 0 | C10: =SUMIF(peticiones!$B$2:$B$2992,$A10, peticiones!$G$2:$G$2992) -> 0 | D10: =SUMIF(peticiones!$B$2:$B$2992,$A10, peticiones!$H$2:$H$2992) -> 0 | E10: =SUMIF(peticiones!$B$2:$B$2992,$A10, peticiones!$I$2:$I$2992) -> 0 | F10: =E10+D10+C10+B10 -> 0
A11: CHSS Historia Social Única | B11: =SUMIF(peticiones!$B$2:$B$2992,$A11, peticiones!$F$2:$F$2992) -> 0 | C11: =SUMIF(peticiones!$B$2:$B$2992,$A11, peticiones!$G$2:$G$2992) -> 0 | D11: =SUMIF(peticiones!$B$2:$B$2992,$A11, peticiones!$H$2:$H$2992) -> 0 | E11: =SUMIF(peticiones!$B$2:$B$2992,$A11, peticiones!$I$2:$I$2992) -> 0 | F11: =E11+D11+C11+B11 -> 0
A12: Congresos | B12: =SUMIF(peticiones!$B$2:$B$2992,$A12, peticiones!$F$2:$F$2992) -> 0 | C12: =SUMIF(peticiones!$B$2:$B$2992,$A12, peticiones!$G$2:$G$2992) -> 0 | D12: =SUMIF(peticiones!$B$2:$B$2992,$A12, peticiones!$H$2:$H$2992) -> 0 | E12: =SUMIF(peticiones!$B$2:$B$2992,$A12, peticiones!$I$2:$I$2992) -> 0 | F12: =E12+D12+C12+B12 -> 0
A13: CPA Virtual de Andalucía | B13: =SUMIF(peticiones!$B$2:$B$2992,$A13, peticiones!$F$2:$F$2992) -> 0 | C13: =SUMIF(peticiones!$B$2:$B$2992,$A13, peticiones!$G$2:$G$2992) -> 0 | D13: =SUMIF(peticiones!$B$2:$B$2992,$A13, peticiones!$H$2:$H$2992) -> 0 | E13: =SUMIF(peticiones!$B$2:$B$2992,$A13, peticiones!$I$2:$I$2992) -> 0 | F13: =E13+D13+C13+B13 -> 0
... A82: TERCER HIJO Y PARTO MÚLTIPLE | B82: =SUMIF(peticiones!$B$2:$B$2992,$A82, peticiones!$F$2:$F$2992) -> 0 | C82: =SUMIF(peticiones!$B$2:$B$2992,$A82, peticiones!$G$2:$G$2992) -> 0 | D82: =SUMIF(peticiones!$B$2:$B$2992,$A82, peticiones!$H$2:$H$2992) -> 0 | E82: =SUMIF(peticiones!$B$2:$B$2992,$A82, peticiones!$I$2:$I$2992) -> 0 | F82: =E82+D82+C82+B82 -> 0

Sheet resumen peticiones
A1: ID PETICIÓN | B1: TIPO PETICIÓN | C1: HORAS JP | D1: HORAS CO | E1: HORAS AN | F1: HORAS PR | G1: HORAS TOTAL | H1: ESTIMADAS JP | I1: ESTIMADAS CO | J1: ESTIMADAS AN | K1: ESTIMADAS PR | L1: ESTIMADAS TOTAL | M1: INCURRIDO | N1: VALORADO I | O1: VALORADO II | P1: MARGEN I | Q1: MARGEN II | R1: TOTAL
A2: 121039 | B2: =LOOKUP($A2,peticiones!$C$2:$C$999,peticiones!E$2:E$999) -> Otras Peticiones ANS | C2: =LOOKUP($A2,peticiones!$C$2:$C$999,peticiones!F$2:F$999) -> 0 | D2: =LOOKUP($A2,peticiones!$C$2:$C$999,peticiones!G$2:G$999) -> 0 | E2: =LOOKUP($A2,peticiones!$C$2:$C$999,peticiones!H$2:H$999) -> 0 | F2: =LOOKUP($A2,peticiones!$C$2:$C$999,peticiones!I$2:I$999) -> 0 | G2: =LOOKUP($A2,peticiones!$C$2:$C$999,peticiones!J$2:J$999) -> 0 | H2: =LOOKUP($A2,peticiones!$C$2:$C$999,peticiones!K$2:K$999) -> 0 | I2: =LOOKUP($A2,peticiones!$C$2:$C$999,peticiones!L$2:L$999) -> 0 | ... L2: =LOOKUP($A2,peticiones!$C$2:$C$999,peticiones!O$2:O$999) -> 0 | M2: =IF(B2="Defecto", 0, 'resumen perfil'!$C$2*C2+'resumen perfil'!$C$3*D2+'resumen perfil'!$C$4*E2+'resumen perfil'!$C$5*F2) -> 0 | N2: ='resumen perfil'!$C$2*H2+'resumen perfil'!$C$3*I2+'resumen perfil'!$C$4*J2+'resumen perfil'!$C$5*K2 -> 0 | O2: =1.1*N2 -> 0 | P2: =N2-M2 -> 0 | Q2: =O2-M2 -> 0 | R2: =IF(O2=0,M2, IF(M2>O2,O2,M2)) -> 0
A47: 123753 | B47: =LOOKUP($A47,peticiones!$C$2:$C$999,peticiones!E$2:E$999) -> Otras Peticiones ANS | C47: =LOOKUP($A47,peticiones!$C$2:$C$999,peticiones!F$2:F$999) -> 0 | D47: =LOOKUP($A47,peticiones!$C$2:$C$999,peticiones!G$2:G$999) -> 0
A48: 123763 | B48: =LOOKUP($A48,peticiones!$C$2:$C$999,peticiones!E$2:E$999) -> Otras Peticiones ANS | C48: =LOOKUP($A48,peticiones!$C$2:$C$999,peticiones!F$2:F$999) -> 0 | D48: =LOOKUP($A48,peticiones!$C$2:$C$999,peticiones!G$2:G$999) -> 0
A49: 123887 | B49: =LOOKUP($A49,peticiones!$C$2:$C$999,peticiones!E$2:E$999) -> Otras Peticiones ANS | C49: =LOOKUP($A49,peticiones!$C$2:$C$999,peticiones!F$2:F$999) -> 0 | D49: =LOOKUP($A49,peticiones!$C$2:$C$999,peticiones!G$2:G$999) -> 0
A50: 123888 | B50: =LOOKUP($A50,peticiones!$C$2:$C$999,peticiones!E$2:E$999) -> Otras Peticiones ANS | C50: =LOOKUP($A50,peticiones!$C$2:$C$999,peticiones!F$2:F$999) -> 0 | D50: =LOOKUP($A50,peticiones!$C$2:$C$999,peticiones!G$2:G$999) -> 0
A51: 123889 | B51: =LOOKUP($A51,peticiones!$C$2:$C$999,peticiones!E$2:E$999) -> Otras Peticiones ANS | C51: =LOOKUP($A51,peticiones!$C$2:$C$999,peticiones!F$2:F$999) -> 0 | D51: =LOOKUP($A51,peticiones!$C$2:$C$999,peticiones!G$2:G$999) -> 0
A52: 123890 | B52: =LOOKUP($A52,peticiones!$C$2:$C$999,peticiones!E$2:E$999) -> Otras Peticiones ANS | C52: =LOOKUP($A52,peticiones!$C$2:$C$999,peticiones!F$2:F$999) -> 0 | D52: =LOOKUP($A52,peticiones!$C$2:$C$999,peticiones!G$2:G$999) -> 0
A54: 123985 | B54: =LOOKUP($A54,peticiones!$C$2:$C$999,peticiones!E$2:E$999) -> Otras Peticiones ANS | C54: =LOOKUP($A54,peticiones!$C$2:$C$999,peticiones!F$2:F$999) -> 0 | D54: =LOOKUP($A54,peticiones!$C$2:$C$999,peticiones!G$2:G$999) -> 0
A56: 124197 | B56: =LOOKUP($A56,peticiones!$C$2:$C$999,peticiones!E$2:E$999) -> Otras Peticiones ANS | C56: =LOOKUP($A56,peticiones!$C$2:$C$999,peticiones!F$2:F$999) -> 0 | D56: =LOOKUP($A56,peticiones!$C$2:$C$999,peticiones!G$2:G$999) -> 0
A57: 124198 | B57: =LOOKUP($A57,peticiones!$C$2:$C$999,peticiones!E$2:E$999) -> Otras Peticiones ANS | C57: =LOOKUP($A57,peticiones!$C$2:$C$999,peticiones!F$2:F$999) -> 0 | D57: =LOOKUP($A57,peticiones!$C$2:$C$999,peticiones!G$2:G$999) -> 0
A63: 124758 | B63: =LOOKUP($A63,peticiones!$C$2:$C$999,peticiones!E$2:E$999) -> Otras Peticiones ANS | C63: =LOOKUP($A63,peticiones!$C$2:$C$999,peticiones!F$2:F$999) -> 0 | D63: =LOOKUP($A63,peticiones!$C$2:$C$999,peticiones!G$2:G$999) -> 0
A65: 125026 | B65: =LOOKUP($A65,peticiones!$C$2:$C$999,peticiones!E$2:E$999) -> Otras Peticiones ANS | C65: =LOOKUP($A65,peticiones!$C$2:$C$999,peticiones!F$2:F$999) -> 0 | D65: =LOOKUP($A65,peticiones!$C$2:$C$999,peticiones!G$2:G$999) -> 0
A66: 125053 | B66: =LOOKUP($A66,peticiones!$C$2:$C$999,peticiones!E$2:E$999) -> Otras Peticiones ANS | C66: =LOOKUP($A66,peticiones!$C$2:$C$999,peticiones!F$2:F$999) -> 0 | D66: =LOOKUP($A66,peticiones!$C$2:$C$999,peticiones!G$2:G$999) -> 0
... A517: 139449 | B517: =LOOKUP($A517,peticiones!$C$2:$C$999,peticiones!E$2:E$999) -> Otras Peticiones ANS | C517: =LOOKUP($A517,peticiones!$C$2:$C$999,peticiones!F$2:F$999) -> 0 | D517: =LOOKUP($A517,peticiones!$C$2:$C$999,peticiones!G$2:G$999) -> 0
