Workbook

Sheet Base
A1: ID PETICIÓN | B1: REPARTO | C1: REPARTO ISOTROL | D1: REPARTO NTT
A2: 140812 | B2: 7.88 | C2: 7.88 | D2: 0 | F2: Isotrol | G2: =SUM(C:C) -> 30879.62
A3: 141053 | B3: 10 | C3: 0 | D3: 10 | F3: NTT | G3: =SUM(D:D) -> 48755.5
A4: 140736 | B4: 10 | C4: 10 | D4: 0
A5: 140227 | B5: 10 | C5: 10 | D5: 0 | G5: =G3+G2 -> 79635.12
A6: 140745 | B6: 15.75 | C6: 15.75 | D6: 0
A7: 139495 | B7: 15.75 | C7: 15.75 | D7: 0
A8: 138803 | B8: 15.75 | C8: 15.75 | D8: 0
A9: 140700 | B9: 20 | C9: 0 | D9: 20
A10: 140646 | B10: 20 | C10: 20 | D10: 0
A11: 140247 | B11: 20 | C11: 20 | D11: 0
A12: 138931 | B12: 20 | C12: 20 | D12: 0
A13: 141027 | B13: 30 | C13: 0 | D13: 30
A14: 140960 | B14: 30 | C14: 0 | D14: 30
A15: 140947 | B15: 30 | C15: 0 | D15: 30
A16: 140918 | B16: 30 | C16: 30 | D16: 0
A17: 140896 | B17: 30 | C17: 30 | D17: 0
... A32: 140885 | B32: 40 | C32: 40 | D32: 0
A33: 140884 | B33: 40 | C33: 0 | D33: 40 | S33: b
A34: 140880 | B34: 40 | C34: 0 | D34: 40
A35: 140864 | B35: 40 | C35: 40 | D35: 0
A36: 140853 | B36: 40 | C36: 40 | D36: 0
A37: 140851 | B37: 40 | C37: 0 | D37: 40
A38: 140847 | B38: 40 | C38: 0 | D38: 40
A39: 140843 | B39: 40 | C39: 0 | D39: 40
A40: 140834 | B40: 40 | C40: 0 | D40: 40
A41: 140833 | B41: 40 | C41: 40 | D41: 0
A42: 140832 | B42: 40 | C42: 40 | D42: 0
A43: 140828 | B43: 40 | C43: 40 | D43: 0
A44: 140802 | B44: 40 | C44: 40 | D44: 0
A45: 140801 | B45: 40 | C45: 0 | D45: 40
... A268: 130679 | B268: 13749.75 | C268: 13749.75 | D268: 0

Sheet Gestión
A1: ID PETICIÓN | B1: REPARTO | C1: REPARTO ISOTROL | D1: REPARTO NTT
A2: 128941 | B2: 50 | C2: 0 | D2: 50 | F2: Isotrol | G2: =SUM(C:C) -> 10487.94
A3: 128957 | B3: 60 | C3: 60 | D3: 0 | F3: NTT | G3: =SUM(D:D) -> 19293.5
A4: 128945 | B4: 63 | C4: 0 | D4: 63
A5: 135518 | B5: 94.5 | C5: 0 | D5: 94.5 | G5: =G3+G2 -> 29781.44
A6: 130145 | B6: 299.25 | C6: 0 | D6: 299.25
A7: 128926 | B7: 441 | C7: 0 | D7: 441
A8: 129056 | B8: 504 | C8: 0 | D8: 504
A9: 129053 | B9: 756 | C9: 0 | D9: 756
A10: 128978 | B10: 1090 | C10: 410 | D10: 680
A11: 128933 | B11: 1181.25 | C11: 0 | D11: 1181.25
A12: 128928 | B12: 1772.5 | C12: 0 | D12: 1772.5
A13: 128902 | B13: 23469.94 | C13: 10017.94 | D13: 13452

Sheet Choque
A1: ID PETICIÓN | B1: REPARTO | C1: REPARTO ISOTROL | D1: REPARTO NTT
A2: 130679 | F2: Isotrol | G2: =SUM(C:C) -> 0
A3: 137241 | F3: NTT | G3: =SUM(D:D) -> 0
A4: 138601
A5: 139314 | G5: =G3+G2 -> 0
A6: 139347
A7: 139675
A8: 139773
A9: 139794
A10: 139899
A11: 139975
A12: 139976
A13: 139979
A14: 139984
A15: 139987
A16: 139988
A17: 140018
... A47: 141024

Sheet Resumen
C2: Gestión | D2: Base | E2: Choque | F2: Total
B3: Isotrol | C3: =Gestión!G2 -> 10487.94 | D3: =Base!G2 -> 30879.62 | E3: =Choque!G2 -> 0 | F3: =D3+C3+E3 -> 41367.56
B4: NTT | C4: =Gestión!G3 -> 19293.5 | D4: =Base!G3 -> 48755.5 | E4: =Choque!G3 -> 0 | F4: =D4+C4+E4 -> 68049
B5: UTE | C5: =Gestión!G5 -> 29781.44 | D5: =Base!G5 -> 79635.12 | E5: =E4+E3 -> 0 | F5: =F4+F3 -> 109416.56
C7: Base No Gestión | D7: Base Gestión | E7: Base | F7: Choque No Gestión | G7: Choque Gestión | H7: Choque | I7: Total
B8: Isotrol | C8: =Base!G2 -> 30879.62 | D8: =C3/2 -> 5243.97 | E8: =D8+C8 -> 36123.59 | F8: =Choque!G2 -> 0 | G8: =D8 -> 5243.97 | H8: =G8+F8 -> 5243.97 | I8: =E8+H8 -> 41367.56
B9: NTT | C9: =Base!G3 -> 48755.5 | D9: =C4/2 -> 9646.75 | E9: =D9+C9 -> 58402.25 | F9: =Choque!G3 -> 0 | G9: =D9 -> 9646.75 | H9: =G9+F9 -> 9646.75 | I9: =E9+H9 -> 68049
E10: =E9+E8 -> 94525.84 | H10: =H9+H8 -> 14890.72 | I10: =I9+I8 -> 109416.56
C12: Base | D12: Choque | E12: Total
B13: Isotrol | C13: =I8 -> 41367.56 | D13: 0 | E13: =D13+C13 -> 41367.56
B14: NTT | C14: =E9-H8 -> 53158.28 | D14: =H9+H8 -> 14890.72 | E14: =D14+C14 -> 68049
C15: =C14+C13 -> 94525.84 | D15: =D14+D13 -> 14890.72 | E15: =E14+E13 -> 109416.56
